iteration,mode,write_speed_mbps
1,overlayfs,1.0
1,volume,1.1
2,overlayfs,1.1
2,volume,193.7
3,overlayfs,1.0
3,volume,188.3
4,overlayfs,1.1
4,volume,193.8
5,overlayfs,1.1
5,volume,198.3
6,overlayfs,1.1
6,volume,245.0
7,overlayfs,1.1
7,volume,151.4
8,overlayfs,1.1
8,volume,156.7
9,overlayfs,1.1
9,volume,252.9
10,overlayfs,1.1
10,volume,232.6
11,overlayfs,1.1
11,volume,248.9
12,overlayfs,1.1
12,volume,151.6
13,overlayfs,1.1
13,volume,249.2
14,overlayfs,1.1
14,volume,255.2
15,overlayfs,1.1
15,volume,192.4
16,overlayfs,1.0
16,volume,187.5
17,overlayfs,1.1
17,volume,149.6
18,overlayfs,1.1
18,volume,196.3
19,overlayfs,1.1
19,volume,197.9
20,overlayfs,1.1
20,volume,191.8
21,overlayfs,1.0
21,volume,202.6
22,overlayfs,1.1
22,volume,161.5
23,overlayfs,1.0
23,volume,237.2
24,overlayfs,1.1
24,volume,188.1
25,overlayfs,1.1
25,volume,192.2
26,overlayfs,1.1
26,volume,192.8
27,overlayfs,1.0
27,volume,198.9
28,overlayfs,1.1
28,volume,195.7
29,overlayfs,1.1
29,volume,197.1
30,overlayfs,1.1
30,volume,190.8
31,overlayfs,1.1
31,volume,195.5
32,overlayfs,1.1
32,volume,169.0
33,overlayfs,1.1
33,volume,198.0
34,overlayfs,1.0
34,volume,195.0
35,overlayfs,1.1
35,volume,198.6
36,overlayfs,1.1
36,volume,171.1
37,overlayfs,1.0
37,volume,246.6
38,overlayfs,1.1
38,volume,194.0
39,overlayfs,1.1
39,volume,189.2
40,overlayfs,1.1
40,volume,198.5
41,overlayfs,1.1
41,volume,193.3
42,overlayfs,1.1
42,volume,213.4
43,overlayfs,1.1
43,volume,188.1
44,overlayfs,1016.8
44,volume,189.5
45,overlayfs,1.1
45,volume,194.2
46,overlayfs,1.1
46,volume,194.8
47,overlayfs,1.1
47,volume,189.6
48,overlayfs,1.1
48,volume,189.2
49,overlayfs,1.1
49,volume,196.6
50,overlayfs,1.1
50,volume,186.7
