iteration,mode,file_count,duration_ms
1,overlayfs,500,99.11
1,volume,500,28.33
2,overlayfs,500,79.26
2,volume,500,59.11
3,overlayfs,500,46.62
3,volume,500,91.92
4,overlayfs,500,32.04
4,volume,500,90.64
5,overlayfs,500,30.05
5,volume,500,40.77
6,overlayfs,500,64.44
6,volume,500,50.25
7,overlayfs,500,67.57
7,volume,500,13.99
8,overlayfs,500,22.19
8,volume,500,63.34
9,overlayfs,500,28.70
9,volume,500,43.40
10,overlayfs,500,65.95
10,volume,500,65.51
11,overlayfs,500,73.07
11,volume,500,108.68
12,overlayfs,500,86.33
12,volume,500,102.90
13,overlayfs,500,34.21
13,volume,500,26.67
14,overlayfs,500,38.36
14,volume,500,94.13
15,overlayfs,500,84.79
15,volume,500,112.50
16,overlayfs,500,43.17
16,volume,500,70.15
17,overlayfs,500,39.95
17,volume,500,52.73
18,overlayfs,500,89.90
18,volume,500,19.74
19,overlayfs,500,72.49
19,volume,500,42.33
20,overlayfs,500,15.20
20,volume,500,81.31
21,overlayfs,500,107.13
21,volume,500,106.87
22,overlayfs,500,70.08
22,volume,500,76.97
23,overlayfs,500,29.18
23,volume,500,0
24,overlayfs,500,38.39
24,volume,500,49.35
25,overlayfs,500,51.42
25,volume,500,125.97
26,overlayfs,500,18.26
26,volume,500,16.88
27,overlayfs,500,75.61
27,volume,500,84.52
28,overlayfs,500,31.78
28,volume,500,90.82
29,overlayfs,500,76.56
29,volume,500,34.21
30,overlayfs,500,34.04
30,volume,500,68.31
31,overlayfs,500,8.18
31,volume,500,16.32
32,overlayfs,500,60.98
32,volume,500,97.03
33,overlayfs,500,59.14
33,volume,500,31.46
34,overlayfs,500,25.77
34,volume,500,31.09
35,overlayfs,500,17.29
35,volume,500,118.99
36,overlayfs,500,37.22
36,volume,500,85.06
37,overlayfs,500,60.79
37,volume,500,68.80
38,overlayfs,500,55.37
38,volume,500,70.02
39,overlayfs,500,55.63
39,volume,500,62.79
40,overlayfs,500,18.80
40,volume,500,56.78
41,overlayfs,500,13.97
41,volume,500,20.85
42,overlayfs,500,46.56
42,volume,500,123.78
43,overlayfs,500,116.72
43,volume,500,81.22
44,overlayfs,500,2.76
44,volume,500,87.18
45,overlayfs,500,69.89
45,volume,500,18.84
46,overlayfs,500,53.23
46,volume,500,84.14
47,overlayfs,500,51.81
47,volume,500,84.53
48,overlayfs,500,6.84
48,volume,500,31.90
49,overlayfs,500,60.50
49,volume,500,71.88
50,overlayfs,500,37.86
50,volume,500,84.59
